<?xml version="1.0" encoding="UTF-8"?>
<!DOCTYPE fontscolors PUBLIC "-//NetBeans//DTD Editor Fonts and Colors settings 1.1//EN" "http://www.netbeans.org/dtds/EditorFontsColors-1_1.dtd">
<fontscolors>
    <fontcolor name="error" waveUnderlined="red"/>
    <fontcolor foreColor="ffe6db74" name="char"/>
    <fontcolor foreColor="fff92672" name="keyword"/>
    <fontcolor name="whitespace"/>
    <fontcolor foreColor="white" name="number"/>
    <fontcolor default="keyword" name="markup-element"/>
    <fontcolor foreColor="white" name="operator">
        <font style="bold"/>
    </fontcolor>
    <fontcolor name="url" underline="blue"/>
    <fontcolor default="identifier" foreColor="ff009900" name="field"/>
    <fontcolor bgColor="ff272822" foreColor="fff8f8f2" name="default">
        <font name="Monaco" size="13"/>
    </fontcolor>
    <fontcolor foreColor="ffff9900" name="string"/>
    <fontcolor default="default" foreColor="black" name="entity-reference">
        <font style="bold"/>
    </fontcolor>
    <fontcolor default="string" name="markup-attribute-value"/>
    <fontcolor default="identifier" foreColor="ffa6e22e" name="method"/>
    <fontcolor foreColor="ff888888" name="comment"/>
    <fontcolor foreColor="ffa6e22e" name="identifier"/>
    <fontcolor name="separator">
        <font style="bold"/>
    </fontcolor>
    <fontcolor default="field" name="markup-attribute"/>
</fontscolors>
