<?xml version="1.0" encoding="UTF-8"?>
<!DOCTYPE fontscolors PUBLIC "-//NetBeans//DTD Editor Fonts and Colors settings 1.1//EN" "http://www.netbeans.org/dtds/EditorFontsColors-1_1.dtd">
<fontscolors>
    <fontcolor name="error" waveUnderlined="red"/>
    <fontcolor foreColor="red" name="char"/>
    <fontcolor foreColor="ff93c763" name="keyword"/>
    <fontcolor name="whitespace"/>
    <fontcolor default="keyword" name="markup-element"/>
    <fontcolor foreColor="ffffcd22" name="number"/>
    <fontcolor foreColor="ffe8e2b7" name="operator"/>
    <fontcolor name="url" underline="blue"/>
    <fontcolor default="identifier" foreColor="ff009900" name="field"/>
    <fontcolor bgColor="black" name="mark-occurrences"/>
    <fontcolor bgColor="ff293134" foreColor="white" name="default">
        <font name="SansSerif" size="15"/>
    </fontcolor>
    <fontcolor foreColor="ffec7600" name="string"/>
    <fontcolor default="default" foreColor="black" name="entity-reference">
        <font style="bold"/>
    </fontcolor>
    <fontcolor default="string" name="markup-attribute-value"/>
    <fontcolor default="identifier" foreColor="ff009999" name="method"/>
    <fontcolor foreColor="gray" name="comment"/>
    <fontcolor foreColor="ff678c9d" name="identifier"/>
    <fontcolor name="warning" waveUnderlined="yellow"/>
    <fontcolor foreColor="white" name="separator"/>
    <fontcolor default="field" name="markup-attribute"/>
</fontscolors>
