<?xml version="1.0" encoding="UTF-8"?>
<!DOCTYPE fontscolors PUBLIC "-//NetBeans//DTD Editor Fonts and Colors settings 1.1//EN" "http://www.netbeans.org/dtds/EditorFontsColors-1_1.dtd">
<fontscolors>
    <fontcolor foreColor="white" name="caret-color-insert-mode"/>
    <fontcolor foreColor="ff6b8eb2" name="nbeditor-bracesMatching-sidebar"/>
    <fontcolor name="west-sidebars-color"/>
    <fontcolor name="trailing-whitespace"/>
    <fontcolor foreColor="ffd3d3d3" name="indent-guide-lines"/>
    <fontcolor foreColor="ff22282a" name="text-limit-line-color"/>
    <fontcolor bgColor="ffdfdfdf" name="readonly-files"/>
    <fontcolor foreColor="ffcccccc" name="code-folding-border"/>
    <fontcolor foreColor="blue" name="hyperlinks" underline="blue"/>
    <fontcolor foreColor="red" name="status-bar-bold"/>
    <fontcolor foreColor="white" name="caret-color-overwrite-mode"/>
    <fontcolor name="status-bar"/>
    <fontcolor foreColor="ffcc0099" name="synchronized-text-blocks-ext"/>
    <fontcolor bgColor="ffffb442" foreColor="black" name="highlight-search"/>
    <fontcolor foreColor="ff996600" name="synchronized-text-blocks-ext-slave"/>
    <fontcolor foreColor="ff990000" name="nbeditor-bracesMatching-mismatch"/>
    <fontcolor foreColor="ff666666" name="code-folding"/>
    <fontcolor bgColor="ffe0e8f1" foreColor="black" name="block-search"/>
    <fontcolor foreColor="ff009900" name="nbeditor-bracesMatching-match-multichar"/>
    <fontcolor bgColor="ff293134" foreColor="ff3f4e49" name="line-number"/>
    <fontcolor bgColor="ff2d373a" name="highlight-caret-row"/>
    <fontcolor bgColor="black" name="selection"/>
    <fontcolor bgColor="ffffb442" foreColor="black" name="inc-search"/>
    <fontcolor name="indent-whitespace"/>
    <fontcolor foreColor="ff666666" name="code-folding-bar"/>
    <fontcolor foreColor="ff990000" name="nbeditor-bracesMatching-mismatch-multichar"/>
    <fontcolor foreColor="ff009900" name="nbeditor-bracesMatching-match"/>
    <fontcolor bgColor="magenta" name="guarded"/>
</fontscolors>
