<?xml version="1.0" encoding="UTF-8"?>
<!DOCTYPE fontscolors PUBLIC "-//NetBeans//DTD Editor Fonts and Colors settings 1.1//EN" "http://www.netbeans.org/dtds/EditorFontsColors-1_1.dtd">
<fontscolors>
    <fontcolor name="error" waveUnderlined="ffef2929"/>
    <fontcolor foreColor="ffcc9900" name="char"/>
    <fontcolor foreColor="ffeeeeec" name="keyword">
        <font style="bold"/>
    </fontcolor>
    <fontcolor name="whitespace"/>
    <fontcolor name="number"/>
    <fontcolor default="keyword" name="markup-element"/>
    <fontcolor name="operator"/>
    <fontcolor name="url" underline="blue"/>
    <fontcolor default="identifier" foreColor="ff73d216" name="field"/>
    <fontcolor bgColor="ff293134" foreColor="ffd3d7cf" name="default">
        <font name="Verdana" size="14"/>
    </fontcolor>
    <fontcolor foreColor="ffcc9900" name="string"/>
    <fontcolor default="default" name="entity-reference"/>
    <fontcolor default="string" name="markup-attribute-value"/>
    <fontcolor default="identifier" name="method"/>
    <fontcolor foreColor="ff888a85" name="comment"/>
    <fontcolor name="identifier"/>
    <fontcolor name="separator"/>
    <fontcolor name="warning" waveUnderlined="yellow"/>
    <fontcolor default="field" name="markup-attribute"/>
</fontscolors>
