<?xml version="1.0" encoding="UTF-8" standalone="yes"?><history><sql date="1366851339631" url="jdbc:mysql://localhost:3306/gsb_frais?zeroDateTimeBehavior=convertToNull">select *,max(RAP_DATE) as maxi from gsb_appli_cr.rapport_visite WHERE RAP_DATE=1</sql><sql date="1381219277614" url="jdbc:mysql://localhost:3306/gsb_frais?zeroDateTimeBehavior=convertToNull">select * from windamnc_tout.imagegallery</sql><sql date="1364249278618" url="jdbc:mysql://localhost:3306/gsb_frais?zeroDateTimeBehavior=convertToNull">select * from comptable</sql><sql date="1367174012509" url="jdbc:mysql://localhost:3306/gsb_frais?zeroDateTimeBehavior=convertToNull">select * from gsb_appli_cr.praticien</sql><sql date="1397914895728" url="jdbc:mysql://localhost:3306/gsb_frais?zeroDateTimeBehavior=convertToNull">select * from gsb_appli_cr.visiteur</sql><sql date="1450475350056" url="jdbc:mysql://localhost:3306/wd_win">SELECT * FROM validdem</sql><sql date="1450473291441" url="jdbc:mysql://localhost:3306/wd_win">SELECT * FROM fos_user</sql><sql date="1366851524614" url="jdbc:mysql://localhost:3306/gsb_frais?zeroDateTimeBehavior=convertToNull">select max(RAP_DATE) from gsb_appli_cr.rapport_visite</sql><sql date="1367313714613" url="jdbc:mysql://localhost:3306/gsb_frais?zeroDateTimeBehavior=convertToNull">select * from gsb_appli_cr.rapport_visite</sql><sql date="1366851198792" url="jdbc:mysql://localhost:3306/gsb_frais?zeroDateTimeBehavior=convertToNull">select *,max(RAP_DATE) from gsb_appli_cr.rapport_visite</sql><sql date="1366851137251" url="jdbc:mysql://localhost:3306/gsb_frais?zeroDateTimeBehavior=convertToNull">select * from gsb_appli_cr.rapport_visite where gsb_appli_cr.RAP_DATE=max(gsb_appli_cr.RAP_DATE)</sql><sql date="1366851166819" url="jdbc:mysql://localhost:3306/gsb_frais?zeroDateTimeBehavior=convertToNull">select * from gsb_appli_cr.rapport_visite where rapport_visite.RAP_DATE=max(rapport_visite.RAP_DATE)</sql><sql date="1367313742424" url="jdbc:mysql://localhost:3306/gsb_frais?zeroDateTimeBehavior=convertToNull">select * from gsb_appli_cr.offrir</sql><sql date="1366836029116" url="jdbc:mysql://localhost:3306/gsb_frais?zeroDateTimeBehavior=convertToNull">select * from gsb_appli_cr.remplacant</sql><sql date="1366851374322" url="jdbc:mysql://localhost:3306/gsb_frais?zeroDateTimeBehavior=convertToNull">select * from gsb_appli_cr.rapport_visite WHERE RAP_DATE=max(RAP_DATE)</sql><sql date="1366851315163" url="jdbc:mysql://localhost:3306/gsb_frais?zeroDateTimeBehavior=convertToNull">select *,max(RAP_DATE) as maxi from gsb_appli_cr.rapport_visite WHERE RAP_DATE=maxi</sql><sql date="1367313731027" url="jdbc:mysql://localhost:3306/gsb_frais?zeroDateTimeBehavior=convertToNull">select * from gsb_appli_cr.medicament</sql></history>